{
  "threshold": 0.4,
  "accuracy": 0.5066763777615926,
  "precision": 0.42658799028115235,
  "recall": 0.7638284648850218,
  "f1": 0.5474387527839644,
  "rmse": 5.61857471058259,
  "mae": 3.753057418632324,
  "confusion_matrix": {
    "labels": [
      0,
      1
    ],
    "matrix": [
      [
        858,
        1652
      ],
      [
        380,
        1229
      ]
    ]
  }
}